,N,beta,effectiveBeta,effectiveBetaPct,graph_scale,meanDegree,p,rep
0,10000,0.15,0.150427886196828,1.0028525746455201,100,13.1002,1.0,0
1,10000,0.15,0.15340195481953103,1.0226796987968736,100,13.1002,0.75,0
2,10000,0.15,0.15006010100237602,1.0004006733491735,100,13.1002,0.5,0
3,10000,0.15,0.14930855202734625,0.995390346848975,100,13.1002,0.25,0
4,10000,0.15,0.13573405410810951,0.9048936940540635,100,13.1002,0.1,0
5,10000,0.15,0.12727440761134176,0.8484960507422784,100,13.1002,0.05,0
6,10000,0.15,0.1428913000637401,0.9526086670916006,100,13.1002,0.01,0
7,10000,0.15,0.1416799816240102,0.9445332108267346,100,13.1002,0.005,0
8,10000,0.15,0.1390019916313334,0.9266799442088893,100,13.1002,0.001,0
9,10000,0.15,0.1490442545100335,0.9936283634002234,100,13.1002,0.0,0
10,10000,0.15,0.16149956034612772,1.0766637356408515,80,12.1354,1.0,0
11,10000,0.15,0.15748953280836162,1.0499302187224109,80,12.1354,0.75,0
12,10000,0.15,0.14894668656263077,0.9929779104175385,80,12.1354,0.5,0
13,10000,0.15,0.1371809250596265,0.9145395003975101,80,12.1354,0.25,0
14,10000,0.15,0.13822316707712676,0.9214877805141785,80,12.1354,0.1,0
15,10000,0.15,0.1442555894334022,0.9617039295560147,80,12.1354,0.05,0
16,10000,0.15,0.13165816567087593,0.8777211044725063,80,12.1354,0.01,0
17,10000,0.15,0.1333444317359204,0.8889628782394693,80,12.1354,0.005,0
18,10000,0.15,0.12455373931288136,0.8303582620858757,80,12.1354,0.001,0
19,10000,0.15,0.1345096423524168,0.8967309490161121,80,12.1354,0.0,0
20,10000,0.15,0.15724444845986138,1.0482963230657425,50,10.7954,1.0,0
21,10000,0.15,0.1512864333434852,1.0085762222899015,50,10.7954,0.75,0
22,10000,0.15,0.15369898162862386,1.024659877524159,50,10.7954,0.5,0
23,10000,0.15,0.13214971207107712,0.8809980804738475,50,10.7954,0.25,0
24,10000,0.15,0.13253244749174786,0.8835496499449857,50,10.7954,0.1,0
25,10000,0.15,0.1353722485240039,0.9024816568266927,50,10.7954,0.05,0
26,10000,0.15,0.14431916454771496,0.962127763651433,50,10.7954,0.01,0
27,10000,0.15,0.12673919304658537,0.8449279536439025,50,10.7954,0.005,0
28,10000,0.15,0.12990298249945173,0.8660198833296783,50,10.7954,0.001,0
29,10000,0.15,0.14038094918761684,0.9358729945841123,50,10.7954,0.0,0
30,10000,0.15,0.1643256099098024,1.0955040660653494,30,8.457,1.0,0
31,10000,0.15,0.16619593858991158,1.1079729239327438,30,8.457,0.75,0
32,10000,0.15,0.14788603664611635,0.9859069109741091,30,8.457,0.5,0
33,10000,0.15,0.13276266611380658,0.8850844407587105,30,8.457,0.25,0
34,10000,0.15,0.12447642204983908,0.8298428136655939,30,8.457,0.1,0
35,10000,0.15,0.12973289355201242,0.8648859570134162,30,8.457,0.05,0
36,10000,0.15,0.133885461926784,0.89256974617856,30,8.457,0.01,0
37,10000,0.15,0.14054999311978328,0.9369999541318885,30,8.457,0.005,0
38,10000,0.15,0.12705577685364516,0.8470385123576345,30,8.457,0.001,0
39,10000,0.15,0.12663959040792075,0.844263936052805,30,8.457,0.0,0
40,10000,0.15,0.1587372262442593,1.0582481749617287,10,4.127,1.0,0
41,10000,0.15,0.1491244273836047,0.9941628492240314,10,4.127,0.75,0
42,10000,0.15,0.13655614318251105,0.910374287883407,10,4.127,0.5,0
43,10000,0.15,0.12194069088564234,0.8129379392376156,10,4.127,0.25,0
44,10000,0.15,0.10737818253150444,0.7158545502100296,10,4.127,0.1,0
45,10000,0.15,0.10450857594818445,0.6967238396545631,10,4.127,0.05,0
46,10000,0.15,0.09507336056468864,0.633822403764591,10,4.127,0.01,0
47,10000,0.15,0.09852262765207065,0.656817517680471,10,4.127,0.005,0
48,10000,0.15,0.09346447956328667,0.6230965304219112,10,4.127,0.001,0
49,10000,0.15,0.10320160405010534,0.688010693667369,10,4.127,0.0,0
50,10000,0.15,0.14828536627606476,0.9885691085070984,5,2.1484,1.0,0
51,10000,0.15,0.1408260768924263,0.9388405126161753,5,2.1484,0.75,0
52,10000,0.15,0.1292069271526088,0.8613795143507255,5,2.1484,0.5,0
53,10000,0.15,0.1140286656087034,0.7601911040580227,5,2.1484,0.25,0
54,10000,0.15,0.10316911102444233,0.6877940734962822,5,2.1484,0.1,0
55,10000,0.15,0.09474314687072466,0.6316209791381644,5,2.1484,0.05,0
56,10000,0.15,0.08057805595228319,0.537187039681888,5,2.1484,0.01,0
57,10000,0.15,0.06747344679299512,0.4498229786199675,5,2.1484,0.005,0
58,10000,0.15,0.11211895382614404,0.7474596921742936,5,2.1484,0.001,0
59,10000,0.15,0.08272635216157401,0.5515090144104934,5,2.1484,0.0,0
60,10000,0.15,0.15448606695011274,1.0299071130007518,100,12.8966,1.0,1
61,10000,0.15,0.14594599069359798,0.9729732712906533,100,12.8966,0.75,1
62,10000,0.15,0.1557480261004115,1.0383201740027435,100,12.8966,0.5,1
63,10000,0.15,0.14285112288903237,0.9523408192602159,100,12.8966,0.25,1
64,10000,0.15,0.13763075779953862,0.9175383853302576,100,12.8966,0.1,1
65,10000,0.15,0.1440883050779193,0.9605887005194621,100,12.8966,0.05,1
66,10000,0.15,0.13952921823136621,0.9301947882091082,100,12.8966,0.01,1
67,10000,0.15,0.1401064905017079,0.934043270011386,100,12.8966,0.005,1
68,10000,0.15,0.13650956116821275,0.9100637411214184,100,12.8966,0.001,1
69,10000,0.15,0.1378611143832508,0.9190740958883387,100,12.8966,0.0,1
70,10000,0.15,0.15461115454787566,1.030741030319171,80,12.6776,1.0,1
71,10000,0.15,0.14525933687739753,0.9683955791826503,80,12.6776,0.75,1
72,10000,0.15,0.1424671877920874,0.9497812519472493,80,12.6776,0.5,1
73,10000,0.15,0.15007890762607048,1.0005260508404699,80,12.6776,0.25,1
74,10000,0.15,0.14324612492301933,0.9549741661534622,80,12.6776,0.1,1
75,10000,0.15,0.13729751030215329,0.9153167353476886,80,12.6776,0.05,1
76,10000,0.15,0.1380633522661059,0.9204223484407059,80,12.6776,0.01,1
77,10000,0.15,0.1377567192104081,0.9183781280693875,80,12.6776,0.005,1
78,10000,0.15,0.13523348995746481,0.9015565997164321,80,12.6776,0.001,1
79,10000,0.15,0.14038232159545616,0.9358821439697078,80,12.6776,0.0,1
80,10000,0.15,0.15947250451291373,1.0631500300860917,50,10.5088,1.0,1
81,10000,0.15,0.15447526572316955,1.0298351048211305,50,10.5088,0.75,1
82,10000,0.15,0.14411902588624856,0.9607935059083238,50,10.5088,0.5,1
83,10000,0.15,0.14322770827731326,0.9548513885154218,50,10.5088,0.25,1
84,10000,0.15,0.12125316956916743,0.8083544637944495,50,10.5088,0.1,1
85,10000,0.15,0.138631565547702,0.9242104369846801,50,10.5088,0.05,1
86,10000,0.15,0.13084539562050332,0.8723026374700221,50,10.5088,0.01,1
87,10000,0.15,0.12792029363709448,0.8528019575806299,50,10.5088,0.005,1
88,10000,0.15,0.1317957789189001,0.8786385261260007,50,10.5088,0.001,1
89,10000,0.15,0.12731432338510504,0.8487621559007003,50,10.5088,0.0,1
90,10000,0.15,0.1482713433254765,0.9884756221698434,30,8.6242,1.0,1
91,10000,0.15,0.15980774131091388,1.0653849420727592,30,8.6242,0.75,1
92,10000,0.15,0.1489602146008285,0.9930680973388567,30,8.6242,0.5,1
93,10000,0.15,0.14753670847757247,0.9835780565171498,30,8.6242,0.25,1
94,10000,0.15,0.12447799600584028,0.8298533067056019,30,8.6242,0.1,1
95,10000,0.15,0.13390162766686192,0.8926775177790796,30,8.6242,0.05,1
96,10000,0.15,0.12366111217761404,0.8244074145174269,30,8.6242,0.01,1
97,10000,0.15,0.12225761040465549,0.8150507360310366,30,8.6242,0.005,1
98,10000,0.15,0.12706687380992246,0.8471124920661498,30,8.6242,0.001,1
99,10000,0.15,0.11954374562575577,0.7969583041717052,30,8.6242,0.0,1
100,10000,0.15,0.15507450449584242,1.033830029972283,10,4.0922,1.0,1
101,10000,0.15,0.14802895834228705,0.9868597222819137,10,4.0922,0.75,1
102,10000,0.15,0.13042012132484496,0.8694674754989664,10,4.0922,0.5,1
103,10000,0.15,0.12697656381154804,0.8465104254103203,10,4.0922,0.25,1
104,10000,0.15,0.11685870911730116,0.7790580607820078,10,4.0922,0.1,1
105,10000,0.15,0.101466566350671,0.67644377567114,10,4.0922,0.05,1
106,10000,0.15,0.08996076906583897,0.5997384604389265,10,4.0922,0.01,1
107,10000,0.15,0.1149019903793091,0.766013269195394,10,4.0922,0.005,1
108,10000,0.15,0.10517691460068408,0.7011794306712272,10,4.0922,0.001,1
109,10000,0.15,0.10120759116205422,0.6747172744136948,10,4.0922,0.0,1
110,10000,0.15,0.15625955115394327,1.0417303410262886,5,2.1032,1.0,1
111,10000,0.15,0.13696704552025113,0.9131136368016742,5,2.1032,0.75,1
112,10000,0.15,0.12467956825498233,0.8311971216998822,5,2.1032,0.5,1
113,10000,0.15,0.09610037855568147,0.6406691903712098,5,2.1032,0.25,1
114,10000,0.15,0.10459242214318155,0.6972828142878771,5,2.1032,0.1,1
115,10000,0.15,0.10130701845428054,0.675380123028537,5,2.1032,0.05,1
116,10000,0.15,0.07796861387752259,0.5197907591834839,5,2.1032,0.01,1
117,10000,0.15,0.08587488061302158,0.5724992040868105,5,2.1032,0.005,1
118,10000,0.15,0.09954827741820554,0.663655182788037,5,2.1032,0.001,1
119,10000,0.15,0.08307572356878395,0.5538381571252264,5,2.1032,0.0,1
120,10000,0.15,0.15202715193562305,1.0135143462374872,100,12.8776,1.0,2
121,10000,0.15,0.14312320379395346,0.9541546919596898,100,12.8776,0.75,2
122,10000,0.15,0.15285974468942407,1.0190649645961605,100,12.8776,0.5,2
123,10000,0.15,0.13802066373160943,0.9201377582107295,100,12.8776,0.25,2
124,10000,0.15,0.1359058893511114,0.9060392623407426,100,12.8776,0.1,2
125,10000,0.15,0.14323347243724677,0.9548898162483118,100,12.8776,0.05,2
126,10000,0.15,0.13877487841790143,0.9251658561193429,100,12.8776,0.01,2
127,10000,0.15,0.13262550883260127,0.8841700588840085,100,12.8776,0.005,2
128,10000,0.15,0.12487492252199936,0.8324994834799958,100,12.8776,0.001,2
129,10000,0.15,0.14020382873594728,0.9346921915729819,100,12.8776,0.0,2
130,10000,0.15,0.16274669186936605,1.0849779457957738,80,12.1676,1.0,2
131,10000,0.15,0.15332232282688116,1.0221488188458745,80,12.1676,0.75,2
132,10000,0.15,0.15589463225384978,1.0392975483589986,80,12.1676,0.5,2
133,10000,0.15,0.1413391538266861,0.9422610255112407,80,12.1676,0.25,2
134,10000,0.15,0.13290140462525504,0.886009364168367,80,12.1676,0.1,2
135,10000,0.15,0.13433495797162967,0.8955663864775312,80,12.1676,0.05,2
136,10000,0.15,0.13690015756219873,0.9126677170813249,80,12.1676,0.01,2
137,10000,0.15,0.13580780159803502,0.9053853439869002,80,12.1676,0.005,2
138,10000,0.15,0.13084973368024072,0.8723315578682715,80,12.1676,0.001,2
139,10000,0.15,0.13523694802885736,0.9015796535257158,80,12.1676,0.0,2
140,10000,0.15,0.14963855549370728,0.9975903699580485,50,10.7688,1.0,2
141,10000,0.15,0.15542357654833217,1.036157176988881,50,10.7688,0.75,2
142,10000,0.15,0.15195285687187726,1.0130190458125152,50,10.7688,0.5,2
143,10000,0.15,0.143866283640241,0.9591085576016067,50,10.7688,0.25,2
144,10000,0.15,0.1430465155065225,0.9536434367101501,50,10.7688,0.1,2
145,10000,0.15,0.11737915603508191,0.7825277069005461,50,10.7688,0.05,2
146,10000,0.15,0.1269161478808909,0.8461076525392727,50,10.7688,0.01,2
147,10000,0.15,0.1257175989801964,0.8381173265346428,50,10.7688,0.005,2
148,10000,0.15,0.1219043549751296,0.8126956998341973,50,10.7688,0.001,2
149,10000,0.15,0.13524692601250632,0.9016461734167088,50,10.7688,0.0,2
150,10000,0.15,0.15617757786639927,1.0411838524426618,30,8.5788,1.0,2
151,10000,0.15,0.15344898598348103,1.0229932398898736,30,8.5788,0.75,2
152,10000,0.15,0.1454080291337419,0.9693868608916127,30,8.5788,0.5,2
153,10000,0.15,0.14208686016792108,0.9472457344528072,30,8.5788,0.25,2
154,10000,0.15,0.1318922769170417,0.8792818461136114,30,8.5788,0.1,2
155,10000,0.15,0.12310504091793087,0.8207002727862058,30,8.5788,0.05,2
156,10000,0.15,0.13194501072882367,0.8796334048588245,30,8.5788,0.01,2
157,10000,0.15,0.12615164493707728,0.841010966247182,30,8.5788,0.005,2
158,10000,0.15,0.12532817624180345,0.8355211749453564,30,8.5788,0.001,2
159,10000,0.15,0.11560065060780754,0.7706710040520502,30,8.5788,0.0,2
160,10000,0.15,0.16230389389944547,1.0820259593296364,10,4.161,1.0,2
161,10000,0.15,0.13822173299980073,0.9214782199986715,10,4.161,0.75,2
162,10000,0.15,0.12923500004333935,0.8615666669555957,10,4.161,0.5,2
163,10000,0.15,0.10840289125257295,0.7226859416838197,10,4.161,0.25,2
164,10000,0.15,0.10419861907016947,0.6946574604677965,10,4.161,0.1,2
165,10000,0.15,0.0993299926287665,0.6621999508584434,10,4.161,0.05,2
166,10000,0.15,0.10515772589454372,0.7010515059636249,10,4.161,0.01,2
167,10000,0.15,0.10122695684217088,0.6748463789478059,10,4.161,0.005,2
168,10000,0.15,0.10063260344737056,0.6708840229824704,10,4.161,0.001,2
169,10000,0.15,0.09766838981834701,0.65112259878898,10,4.161,0.0,2
170,10000,0.15,0.15660865806464006,1.0440577204309338,5,2.193,1.0,2
171,10000,0.15,0.15425578866885992,1.0283719244590661,5,2.193,0.75,2
172,10000,0.15,0.12074828195698138,0.8049885463798759,5,2.193,0.5,2
173,10000,0.15,0.10616113284177815,0.7077408856118543,5,2.193,0.25,2
174,10000,0.15,0.10088119975802562,0.6725413317201708,5,2.193,0.1,2
175,10000,0.15,0.10556638220281517,0.7037758813521011,5,2.193,0.05,2
176,10000,0.15,0.07133167280099041,0.4755444853399361,5,2.193,0.01,2
177,10000,0.15,0.07929973801358899,0.5286649200905933,5,2.193,0.005,2
178,10000,0.15,0.09085713242124392,0.6057142161416261,5,2.193,0.001,2
179,10000,0.15,0.08871272623013476,0.5914181748675651,5,2.193,0.0,2
180,10000,0.15,0.15145365145602677,1.0096910097068452,100,13.124,1.0,3
181,10000,0.15,0.15620872603108477,1.0413915068738986,100,13.124,0.75,3
182,10000,0.15,0.15093114016810397,1.006207601120693,100,13.124,0.5,3
183,10000,0.15,0.1421541460563377,0.9476943070422513,100,13.124,0.25,3
184,10000,0.15,0.15511891209866951,1.0341260806577968,100,13.124,0.1,3
185,10000,0.15,0.14717270884268369,0.9811513922845579,100,13.124,0.05,3
186,10000,0.15,0.1475515787210961,0.9836771914739739,100,13.124,0.01,3
187,10000,0.15,0.13985550135325334,0.932370009021689,100,13.124,0.005,3
188,10000,0.15,0.12376862584862153,0.8251241723241436,100,13.124,0.001,3
189,10000,0.15,0.14225171882304047,0.9483447921536031,100,13.124,0.0,3
190,10000,0.15,0.1584972681384857,1.0566484542565713,80,12.4238,1.0,3
191,10000,0.15,0.15764636285904754,1.0509757523936503,80,12.4238,0.75,3
192,10000,0.15,0.1462213359021413,0.9748089060142753,80,12.4238,0.5,3
193,10000,0.15,0.14829162639035579,0.988610842602372,80,12.4238,0.25,3
194,10000,0.15,0.1363494253685909,0.9089961691239394,80,12.4238,0.1,3
195,10000,0.15,0.13006981534903864,0.8671321023269243,80,12.4238,0.05,3
196,10000,0.15,0.1251594038879198,0.8343960259194654,80,12.4238,0.01,3
197,10000,0.15,0.1344922882442431,0.8966152549616208,80,12.4238,0.005,3
198,10000,0.15,0.1434170572849418,0.9561137152329454,80,12.4238,0.001,3
199,10000,0.15,0.14439671217165229,0.9626447478110153,80,12.4238,0.0,3
200,10000,0.15,0.15872162163539114,1.058144144235941,50,10.729,1.0,3
201,10000,0.15,0.15792806308264115,1.0528537538842744,50,10.729,0.75,3
202,10000,0.15,0.14910803038413875,0.9940535358942584,50,10.729,0.5,3
203,10000,0.15,0.14465398392834572,0.9643598928556382,50,10.729,0.25,3
204,10000,0.15,0.13275220141438235,0.8850146760958824,50,10.729,0.1,3
205,10000,0.15,0.12671085003357355,0.8447390002238236,50,10.729,0.05,3
206,10000,0.15,0.14285462930649268,0.9523641953766179,50,10.729,0.01,3
207,10000,0.15,0.1278667551476208,0.8524450343174721,50,10.729,0.005,3
208,10000,0.15,0.1368005739636112,0.9120038264240747,50,10.729,0.001,3
209,10000,0.15,0.12481105087935455,0.8320736725290304,50,10.729,0.0,3
210,10000,0.15,0.15454022788359884,1.030268185890659,30,8.438,1.0,3
211,10000,0.15,0.16260766603758783,1.0840511069172523,30,8.438,0.75,3
212,10000,0.15,0.13946469138816128,0.9297646092544086,30,8.438,0.5,3
213,10000,0.15,0.1380055488394141,0.9200369922627607,30,8.438,0.25,3
214,10000,0.15,0.1256644005602378,0.8377626704015855,30,8.438,0.1,3
215,10000,0.15,0.13997498208429437,0.9331665472286292,30,8.438,0.05,3
216,10000,0.15,0.12207382910754178,0.8138255273836119,30,8.438,0.01,3
217,10000,0.15,0.12795203112167206,0.8530135408111471,30,8.438,0.005,3
218,10000,0.15,0.12135094871949502,0.8090063247966335,30,8.438,0.001,3
219,10000,0.15,0.1268294862315321,0.845529908210214,30,8.438,0.0,3
220,10000,0.15,0.15988483051237398,1.0658988700824932,10,4.1158,1.0,3
221,10000,0.15,0.14617481365292917,0.9744987576861945,10,4.1158,0.75,3
222,10000,0.15,0.1394141404118581,0.9294276027457207,10,4.1158,0.5,3
223,10000,0.15,0.12392474978687448,0.8261649985791633,10,4.1158,0.25,3
224,10000,0.15,0.1148327600461826,0.7655517336412174,10,4.1158,0.1,3
225,10000,0.15,0.09979794453350493,0.6653196302233663,10,4.1158,0.05,3
226,10000,0.15,0.10412892551550731,0.6941928367700488,10,4.1158,0.01,3
227,10000,0.15,0.09041079808614658,0.6027386539076439,10,4.1158,0.005,3
228,10000,0.15,0.11065945487115739,0.7377296991410492,10,4.1158,0.001,3
229,10000,0.15,0.10638274628686006,0.7092183085790671,10,4.1158,0.0,3
230,10000,0.15,0.16031055312280604,1.068737020818707,5,2.1386,1.0,3
231,10000,0.15,0.14148277834014697,0.9432185222676465,5,2.1386,0.75,3
232,10000,0.15,0.12172060639220778,0.8114707092813852,5,2.1386,0.5,3
233,10000,0.15,0.11545683203648761,0.7697122135765841,5,2.1386,0.25,3
234,10000,0.15,0.0725391203507741,0.48359413567182735,5,2.1386,0.1,3
235,10000,0.15,0.10407752781654496,0.6938501854436331,5,2.1386,0.05,3
236,10000,0.15,0.09898047475513569,0.6598698317009046,5,2.1386,0.01,3
237,10000,0.15,0.10551953259695346,0.7034635506463565,5,2.1386,0.005,3
238,10000,0.15,0.08378451118753491,0.5585634079168994,5,2.1386,0.001,3
239,10000,0.15,0.09073710516233792,0.6049140344155861,5,2.1386,0.0,3
240,10000,0.15,0.15304129644008047,1.0202753096005366,100,12.8946,1.0,4
241,10000,0.15,0.1570372495715034,1.046914997143356,100,12.8946,0.75,4
242,10000,0.15,0.15378088750069815,1.025205916671321,100,12.8946,0.5,4
243,10000,0.15,0.14934565047366335,0.9956376698244224,100,12.8946,0.25,4
244,10000,0.15,0.1285760593826254,0.8571737292175027,100,12.8946,0.1,4
245,10000,0.15,0.13534718811075921,0.9023145874050614,100,12.8946,0.05,4
246,10000,0.15,0.13928400024753204,0.9285600016502137,100,12.8946,0.01,4
247,10000,0.15,0.13793257458844724,0.919550497256315,100,12.8946,0.005,4
248,10000,0.15,0.13717098340870973,0.9144732227247315,100,12.8946,0.001,4
249,10000,0.15,0.12936407463909946,0.8624271642606631,100,12.8946,0.0,4
250,10000,0.15,0.15882178778590747,1.0588119185727165,80,12.3846,1.0,4
251,10000,0.15,0.14629181812903339,0.9752787875268892,80,12.3846,0.75,4
252,10000,0.15,0.15563173709275505,1.0375449139517003,80,12.3846,0.5,4
253,10000,0.15,0.15977289994361357,1.065152666290757,80,12.3846,0.25,4
254,10000,0.15,0.1382909651924508,0.921939767949672,80,12.3846,0.1,4
255,10000,0.15,0.13363336620072502,0.8908891080048336,80,12.3846,0.05,4
256,10000,0.15,0.1366648440238831,0.9110989601592206,80,12.3846,0.01,4
257,10000,0.15,0.12204552437098276,0.8136368291398851,80,12.3846,0.005,4
258,10000,0.15,0.12397443642321782,0.8264962428214522,80,12.3846,0.001,4
259,10000,0.15,0.14104051394906122,0.9402700929937415,80,12.3846,0.0,4
260,10000,0.15,0.15460880765162702,1.0307253843441802,50,10.5692,1.0,4
261,10000,0.15,0.15934858433482568,1.0623238955655046,50,10.5692,0.75,4
262,10000,0.15,0.1465835369133878,0.9772235794225853,50,10.5692,0.5,4
263,10000,0.15,0.14038476989538332,0.9358984659692221,50,10.5692,0.25,4
264,10000,0.15,0.14289450119405023,0.9526300079603349,50,10.5692,0.1,4
265,10000,0.15,0.13282113574661394,0.8854742383107597,50,10.5692,0.05,4
266,10000,0.15,0.13257913687938105,0.8838609125292071,50,10.5692,0.01,4
267,10000,0.15,0.12982310794376525,0.8654873862917684,50,10.5692,0.005,4
268,10000,0.15,0.1359441027328713,0.906294018219142,50,10.5692,0.001,4
269,10000,0.15,0.12630142884999118,0.8420095256666079,50,10.5692,0.0,4
270,10000,0.15,0.15286242919964996,1.0190828613309997,30,8.3416,1.0,4
271,10000,0.15,0.14577116489429495,0.9718077659619664,30,8.3416,0.75,4
272,10000,0.15,0.14426675612106452,0.9617783741404301,30,8.3416,0.5,4
273,10000,0.15,0.13642571035483486,0.9095047356988991,30,8.3416,0.25,4
274,10000,0.15,0.12789841583159636,0.8526561055439758,30,8.3416,0.1,4
275,10000,0.15,0.11969410236188809,0.7979606824125872,30,8.3416,0.05,4
276,10000,0.15,0.13672772497804941,0.9115181665203295,30,8.3416,0.01,4
277,10000,0.15,0.11938456073572619,0.7958970715715079,30,8.3416,0.005,4
278,10000,0.15,0.12844799785172561,0.8563199856781708,30,8.3416,0.001,4
279,10000,0.15,0.1259963440694326,0.8399756271295508,30,8.3416,0.0,4
280,10000,0.15,0.15915833105225122,1.0610555403483415,10,4.1922,1.0,4
281,10000,0.15,0.1426476154299384,0.950984102866256,10,4.1922,0.75,4
282,10000,0.15,0.12575866811812053,0.8383911207874702,10,4.1922,0.5,4
283,10000,0.15,0.12006612666856228,0.800440844457082,10,4.1922,0.25,4
284,10000,0.15,0.11270906576966981,0.7513937717977988,10,4.1922,0.1,4
285,10000,0.15,0.10279268417236281,0.6852845611490854,10,4.1922,0.05,4
286,10000,0.15,0.1063975187198329,0.7093167914655527,10,4.1922,0.01,4
287,10000,0.15,0.09494543916927434,0.632969594461829,10,4.1922,0.005,4
288,10000,0.15,0.10912750894407823,0.7275167262938549,10,4.1922,0.001,4
289,10000,0.15,0.10725278957934076,0.7150185971956051,10,4.1922,0.0,4
290,10000,0.15,0.1609419927845033,1.0729466185633554,5,2.1296,1.0,4
291,10000,0.15,0.13811361885399687,0.9207574590266459,5,2.1296,0.75,4
292,10000,0.15,0.12016962335274294,0.8011308223516196,5,2.1296,0.5,4
293,10000,0.15,0.09936393245995197,0.6624262163996798,5,2.1296,0.25,4
294,10000,0.15,0.09063801382632788,0.6042534255088526,5,2.1296,0.1,4
295,10000,0.15,0.08675613372099211,0.5783742248066142,5,2.1296,0.05,4
296,10000,0.15,0.09982719614850422,0.6655146409900281,5,2.1296,0.01,4
297,10000,0.15,0.08191714588382029,0.5461143058921353,5,2.1296,0.005,4
298,10000,0.15,0.10246256132698096,0.6830837421798731,5,2.1296,0.001,4
299,10000,0.15,0.08843059939022174,0.589537329268145,5,2.1296,0.0,4
300,10000,0.15,0.15618475406638524,1.0412316937759016,100,12.817,1.0,5
301,10000,0.15,0.16074184151239387,1.0716122767492926,100,12.817,0.75,5
302,10000,0.15,0.15147928251488932,1.0098618834325954,100,12.817,0.5,5
303,10000,0.15,0.1445586676930851,0.9637244512872339,100,12.817,0.25,5
304,10000,0.15,0.13931409530080327,0.9287606353386885,100,12.817,0.1,5
305,10000,0.15,0.14877321034659902,0.9918214023106602,100,12.817,0.05,5
306,10000,0.15,0.12610862386003077,0.8407241590668718,100,12.817,0.01,5
307,10000,0.15,0.1440627929785598,0.9604186198570654,100,12.817,0.005,5
308,10000,0.15,0.1251889427072592,0.834592951381728,100,12.817,0.001,5
309,10000,0.15,0.13063475488706797,0.8708983659137864,100,12.817,0.0,5
310,10000,0.15,0.14965027423161847,0.9976684948774566,80,12.1794,1.0,5
311,10000,0.15,0.1481223787547879,0.9874825250319194,80,12.1794,0.75,5
312,10000,0.15,0.14520250678071325,0.9680167118714217,80,12.1794,0.5,5
313,10000,0.15,0.1508966428866485,1.0059776192443235,80,12.1794,0.25,5
314,10000,0.15,0.13660385163440542,0.9106923442293695,80,12.1794,0.1,5
315,10000,0.15,0.15039764872259995,1.0026509914839996,80,12.1794,0.05,5
316,10000,0.15,0.14135858927392295,0.9423905951594863,80,12.1794,0.01,5
317,10000,0.15,0.14315050887758266,0.9543367258505511,80,12.1794,0.005,5
318,10000,0.15,0.14147244216114513,0.9431496144076342,80,12.1794,0.001,5
319,10000,0.15,0.13362990641767175,0.8908660427844783,80,12.1794,0.0,5
320,10000,0.15,0.15379905490951581,1.0253270327301054,50,10.568,1.0,5
321,10000,0.15,0.1583722123828833,1.055814749219222,50,10.568,0.75,5
322,10000,0.15,0.14404380364683755,0.9602920243122504,50,10.568,0.5,5
323,10000,0.15,0.1497581510709382,0.9983876738062547,50,10.568,0.25,5
324,10000,0.15,0.13152142867859698,0.8768095245239799,50,10.568,0.1,5
325,10000,0.15,0.1288683864484945,0.8591225763232967,50,10.568,0.05,5
326,10000,0.15,0.13318740471511348,0.8879160314340899,50,10.568,0.01,5
327,10000,0.15,0.13604960470662464,0.9069973647108309,50,10.568,0.005,5
328,10000,0.15,0.12485888689873764,0.8323925793249176,50,10.568,0.001,5
329,10000,0.15,0.12628039062800875,0.8418692708533917,50,10.568,0.0,5
330,10000,0.15,0.15296841067021114,1.0197894044680742,30,8.5128,1.0,5
331,10000,0.15,0.1558872875788872,1.039248583859248,30,8.5128,0.75,5
332,10000,0.15,0.1493634946697648,0.9957566311317655,30,8.5128,0.5,5
333,10000,0.15,0.1231503926749245,0.82100261783283,30,8.5128,0.25,5
334,10000,0.15,0.1296332972006412,0.8642219813376081,30,8.5128,0.1,5
335,10000,0.15,0.13349658241436035,0.8899772160957358,30,8.5128,0.05,5
336,10000,0.15,0.11964765697857033,0.7976510465238023,30,8.5128,0.01,5
337,10000,0.15,0.11953944322627992,0.7969296215085329,30,8.5128,0.005,5
338,10000,0.15,0.1273736589963127,0.8491577266420847,30,8.5128,0.001,5
339,10000,0.15,0.11703448332020494,0.7802298888013663,30,8.5128,0.0,5
340,10000,0.15,0.15752452432909123,1.050163495527275,10,4.141,1.0,5
341,10000,0.15,0.15254584220918244,1.0169722813945496,10,4.141,0.75,5
342,10000,0.15,0.1353760926397343,0.9025072842648953,10,4.141,0.5,5
343,10000,0.15,0.11784726038773967,0.7856484025849312,10,4.141,0.25,5
344,10000,0.15,0.12649786107571803,0.8433190738381202,10,4.141,0.1,5
345,10000,0.15,0.10702671537930362,0.7135114358620241,10,4.141,0.05,5
346,10000,0.15,0.11337007010067147,0.7558004673378098,10,4.141,0.01,5
347,10000,0.15,0.1128727563915157,0.7524850426101047,10,4.141,0.005,5
348,10000,0.15,0.1046897942700988,0.6979319618006586,10,4.141,0.001,5
349,10000,0.15,0.10243964531600858,0.6829309687733905,10,4.141,0.0,5
350,10000,0.15,0.15985673490989769,1.0657115660659846,5,2.1244,1.0,5
351,10000,0.15,0.1359017893551601,0.9060119290344006,5,2.1244,0.75,5
352,10000,0.15,0.124973331740792,0.8331555449386134,5,2.1244,0.5,5
353,10000,0.15,0.1059656562944212,0.7064377086294747,5,2.1244,0.25,5
354,10000,0.15,0.09713958965152517,0.6475972643435012,5,2.1244,0.1,5
355,10000,0.15,0.10462249625145345,0.6974833083430231,5,2.1244,0.05,5
356,10000,0.15,0.08921471456166526,0.5947647637444351,5,2.1244,0.01,5
357,10000,0.15,0.11599965426946217,0.7733310284630811,5,2.1244,0.005,5
358,10000,0.15,0.11258545379840192,0.7505696919893461,5,2.1244,0.001,5
359,10000,0.15,0.08714301872743101,0.5809534581828734,5,2.1244,0.0,5
360,10000,0.15,0.15641114851659335,1.0427409901106224,100,13.2082,1.0,6
361,10000,0.15,0.14909134953197828,0.9939423302131886,100,13.2082,0.75,6
362,10000,0.15,0.16436675084957864,1.095778338997191,100,13.2082,0.5,6
363,10000,0.15,0.13797303426310867,0.9198202284207245,100,13.2082,0.25,6
364,10000,0.15,0.14132724382752335,0.9421816255168224,100,13.2082,0.1,6
365,10000,0.15,0.12219128894514625,0.8146085929676417,100,13.2082,0.05,6
366,10000,0.15,0.13750311458142814,0.9166874305428543,100,13.2082,0.01,6
367,10000,0.15,0.13026992248263342,0.8684661498842228,100,13.2082,0.005,6
368,10000,0.15,0.13664470115609034,0.9109646743739357,100,13.2082,0.001,6
369,10000,0.15,0.12596248077341865,0.839749871822791,100,13.2082,0.0,6
370,10000,0.15,0.16408469213100052,1.0938979475400035,80,12.363,1.0,6
371,10000,0.15,0.15168719957244864,1.0112479971496577,80,12.363,0.75,6
372,10000,0.15,0.14050312198471132,0.9366874798980755,80,12.363,0.5,6
373,10000,0.15,0.13893349553667175,0.9262233035778117,80,12.363,0.25,6
374,10000,0.15,0.12582797255299297,0.8388531503532864,80,12.363,0.1,6
375,10000,0.15,0.13450822004734778,0.8967214669823186,80,12.363,0.05,6
376,10000,0.15,0.14080435960875565,0.9386957307250376,80,12.363,0.01,6
377,10000,0.15,0.12864101023297614,0.8576067348865076,80,12.363,0.005,6
378,10000,0.15,0.1328432785802497,0.8856218572016646,80,12.363,0.001,6
379,10000,0.15,0.1361596596626945,0.9077310644179634,80,12.363,0.0,6
380,10000,0.15,0.1605629539540459,1.0704196930269727,50,10.6372,1.0,6
381,10000,0.15,0.15522407241101766,1.0348271494067844,50,10.6372,0.75,6
382,10000,0.15,0.15453042498026714,1.030202833201781,50,10.6372,0.5,6
383,10000,0.15,0.14829467635975005,0.988631175731667,50,10.6372,0.25,6
384,10000,0.15,0.1259734809980839,0.8398232066538927,50,10.6372,0.1,6
385,10000,0.15,0.12394152511956281,0.8262768341304187,50,10.6372,0.05,6
386,10000,0.15,0.13159934526728265,0.877328968448551,50,10.6372,0.01,6
387,10000,0.15,0.12663311748374925,0.844220783224995,50,10.6372,0.005,6
388,10000,0.15,0.12113952080900539,0.8075968053933693,50,10.6372,0.001,6
389,10000,0.15,0.12512999426393545,0.8341999617595697,50,10.6372,0.0,6
390,10000,0.15,0.158557352057532,1.05704901371688,30,8.4652,1.0,6
391,10000,0.15,0.14926910194929435,0.9951273463286291,30,8.4652,0.75,6
392,10000,0.15,0.14033924538227693,0.9355949692151796,30,8.4652,0.5,6
393,10000,0.15,0.13231840994033942,0.8821227329355962,30,8.4652,0.25,6
394,10000,0.15,0.11861432268003556,0.7907621512002371,30,8.4652,0.1,6
395,10000,0.15,0.13449372925985836,0.8966248617323891,30,8.4652,0.05,6
396,10000,0.15,0.1282598347371856,0.8550655649145708,30,8.4652,0.01,6
397,10000,0.15,0.12469468456537412,0.8312978971024941,30,8.4652,0.005,6
398,10000,0.15,0.12895708305581574,0.8597138870387716,30,8.4652,0.001,6
399,10000,0.15,0.11600643100831692,0.7733762067221128,30,8.4652,0.0,6
400,10000,0.15,0.15351831179309347,1.0234554119539565,10,4.1292,1.0,6
401,10000,0.15,0.15145557441828775,1.0097038294552516,10,4.1292,0.75,6
402,10000,0.15,0.1391238841311643,0.9274925608744288,10,4.1292,0.5,6
403,10000,0.15,0.1321181348126726,0.8807875654178173,10,4.1292,0.25,6
404,10000,0.15,0.10800158238883116,0.7200105492588744,10,4.1292,0.1,6
405,10000,0.15,0.10360404506428113,0.6906936337618742,10,4.1292,0.05,6
406,10000,0.15,0.08165376294704291,0.5443584196469528,10,4.1292,0.01,6
407,10000,0.15,0.10535048685829682,0.7023365790553121,10,4.1292,0.005,6
408,10000,0.15,0.10675421552104686,0.7116947701403125,10,4.1292,0.001,6
409,10000,0.15,0.10863249565066767,0.7242166376711178,10,4.1292,0.0,6
410,10000,0.15,0.1565383615223916,1.043589076815944,5,2.1366,1.0,6
411,10000,0.15,0.13866910195577467,0.9244606797051645,5,2.1366,0.75,6
412,10000,0.15,0.1259226672424492,0.8394844482829946,5,2.1366,0.5,6
413,10000,0.15,0.10311734109267359,0.687448940617824,5,2.1366,0.25,6
414,10000,0.15,0.1089554790001137,0.726369860000758,5,2.1366,0.1,6
415,10000,0.15,0.12140999164163388,0.8093999442775592,5,2.1366,0.05,6
416,10000,0.15,0.09722697619033614,0.6481798412689076,5,2.1366,0.01,6
417,10000,0.15,0.08986687343507249,0.59911248956715,5,2.1366,0.005,6
418,10000,0.15,0.09358243910570994,0.6238829273713996,5,2.1366,0.001,6
419,10000,0.15,0.09869702732953002,0.6579801821968668,5,2.1366,0.0,6
420,10000,0.15,0.16297794774773153,1.0865196516515436,100,13.0944,1.0,7
421,10000,0.15,0.15755348038458492,1.0503565358972329,100,13.0944,0.75,7
422,10000,0.15,0.15032296352529043,1.0021530901686029,100,13.0944,0.5,7
423,10000,0.15,0.13620315835059799,0.9080210556706533,100,13.0944,0.25,7
424,10000,0.15,0.1385253636261031,0.9235024241740207,100,13.0944,0.1,7
425,10000,0.15,0.1378473399830043,0.918982266553362,100,13.0944,0.05,7
426,10000,0.15,0.1528210407558644,1.0188069383724294,100,13.0944,0.01,7
427,10000,0.15,0.14048477251299452,0.9365651500866301,100,13.0944,0.005,7
428,10000,0.15,0.12628205581990298,0.8418803721326866,100,13.0944,0.001,7
429,10000,0.15,0.13998451803267367,0.9332301202178245,100,13.0944,0.0,7
430,10000,0.15,0.14950476829705645,0.9966984553137097,80,12.4856,1.0,7
431,10000,0.15,0.1487203196593837,0.9914687977292247,80,12.4856,0.75,7
432,10000,0.15,0.14854817262927889,0.9903211508618592,80,12.4856,0.5,7
433,10000,0.15,0.13504642648874904,0.9003095099249936,80,12.4856,0.25,7
434,10000,0.15,0.13689334309059376,0.9126222872706251,80,12.4856,0.1,7
435,10000,0.15,0.13239030392871465,0.882602026191431,80,12.4856,0.05,7
436,10000,0.15,0.14651220445082516,0.9767480296721678,80,12.4856,0.01,7
437,10000,0.15,0.13450669182774488,0.8967112788516326,80,12.4856,0.005,7
438,10000,0.15,0.14108460860822494,0.9405640573881663,80,12.4856,0.001,7
439,10000,0.15,0.14268155678646297,0.9512103785764198,80,12.4856,0.0,7
440,10000,0.15,0.15908388547662503,1.0605592365108336,50,10.5878,1.0,7
441,10000,0.15,0.1594221189805969,1.0628141265373128,50,10.5878,0.75,7
442,10000,0.15,0.1519124764263521,1.0127498428423474,50,10.5878,0.5,7
443,10000,0.15,0.1466167399144998,0.9774449327633321,50,10.5878,0.25,7
444,10000,0.15,0.12535006814546173,0.8356671209697449,50,10.5878,0.1,7
445,10000,0.15,0.12416424598520649,0.8277616399013766,50,10.5878,0.05,7
446,10000,0.15,0.13408644485704574,0.893909632380305,50,10.5878,0.01,7
447,10000,0.15,0.13352337538302123,0.8901558358868082,50,10.5878,0.005,7
448,10000,0.15,0.12392578406757468,0.8261718937838313,50,10.5878,0.001,7
449,10000,0.15,0.12125736708798095,0.8083824472532063,50,10.5878,0.0,7
450,10000,0.15,0.16680592586914897,1.1120395057943264,30,8.4252,1.0,7
451,10000,0.15,0.14362837975377235,0.9575225316918157,30,8.4252,0.75,7
452,10000,0.15,0.143900886870838,0.9593392458055866,30,8.4252,0.5,7
453,10000,0.15,0.1377504054997004,0.9183360366646695,30,8.4252,0.25,7
454,10000,0.15,0.11497466177922315,0.7664977451948211,30,8.4252,0.1,7
455,10000,0.15,0.13880453529780654,0.9253635686520436,30,8.4252,0.05,7
456,10000,0.15,0.12048349599098088,0.8032233066065392,30,8.4252,0.01,7
457,10000,0.15,0.12110154536323271,0.8073436357548848,30,8.4252,0.005,7
458,10000,0.15,0.12120756479693137,0.8080504319795425,30,8.4252,0.001,7
459,10000,0.15,0.12494845612430497,0.8329897074953665,30,8.4252,0.0,7
460,10000,0.15,0.15217929927102755,1.0145286618068503,10,4.1098,1.0,7
461,10000,0.15,0.16052972552359324,1.0701981701572882,10,4.1098,0.75,7
462,10000,0.15,0.13602457890234576,0.9068305260156384,10,4.1098,0.5,7
463,10000,0.15,0.11335221972367053,0.7556814648244702,10,4.1098,0.25,7
464,10000,0.15,0.10341893504368081,0.6894595669578721,10,4.1098,0.1,7
465,10000,0.15,0.10622475559626501,0.7081650373084335,10,4.1098,0.05,7
466,10000,0.15,0.11017979025801948,0.7345319350534633,10,4.1098,0.01,7
467,10000,0.15,0.09392931250832146,0.6261954167221431,10,4.1098,0.005,7
468,10000,0.15,0.09221609665334074,0.6147739776889383,10,4.1098,0.001,7
469,10000,0.15,0.09951116614718124,0.6634077743145416,10,4.1098,0.0,7
470,10000,0.15,0.1512781399457407,1.0085209329716047,5,2.1298,1.0,7
471,10000,0.15,0.14651585564308914,0.9767723709539277,5,2.1298,0.75,7
472,10000,0.15,0.11249423407206235,0.7499615604804157,5,2.1298,0.5,7
473,10000,0.15,0.09322341034452493,0.6214894022968329,5,2.1298,0.25,7
474,10000,0.15,0.10023583923099491,0.6682389282066328,5,2.1298,0.1,7
475,10000,0.15,0.08374938285654614,0.558329219043641,5,2.1298,0.05,7
476,10000,0.15,0.09730754811749605,0.6487169874499736,5,2.1298,0.01,7
477,10000,0.15,0.08435846057645688,0.5623897371763792,5,2.1298,0.005,7
478,10000,0.15,0.09269992954875914,0.6179995303250609,5,2.1298,0.001,7
479,10000,0.15,0.10465859477002784,0.697723965133519,5,2.1298,0.0,7
480,10000,0.15,0.1632637618778201,1.0884250791854675,100,13.0304,1.0,8
481,10000,0.15,0.1617028252370953,1.0780188349139688,100,13.0304,0.75,8
482,10000,0.15,0.14367156787780044,0.9578104525186697,100,13.0304,0.5,8
483,10000,0.15,0.1660059728862695,1.1067064859084634,100,13.0304,0.25,8
484,10000,0.15,0.14881557861688743,0.9921038574459162,100,13.0304,0.1,8
485,10000,0.15,0.1375164556665345,0.91677637111023,100,13.0304,0.05,8
486,10000,0.15,0.13864190194546452,0.9242793463030968,100,13.0304,0.01,8
487,10000,0.15,0.13779859210743045,0.918657280716203,100,13.0304,0.005,8
488,10000,0.15,0.12354087443512386,0.8236058295674924,100,13.0304,0.001,8
489,10000,0.15,0.12976114865901914,0.865074324393461,100,13.0304,0.0,8
490,10000,0.15,0.15839949251963575,1.0559966167975718,80,12.2264,1.0,8
491,10000,0.15,0.16263465405532937,1.084231027035529,80,12.2264,0.75,8
492,10000,0.15,0.14651957643849714,0.9767971762566476,80,12.2264,0.5,8
493,10000,0.15,0.1482848729866058,0.9885658199107055,80,12.2264,0.25,8
494,10000,0.15,0.13317222583018695,0.887814838867913,80,12.2264,0.1,8
495,10000,0.15,0.14292678134414644,0.9528452089609762,80,12.2264,0.05,8
496,10000,0.15,0.13622753571488286,0.9081835714325525,80,12.2264,0.01,8
497,10000,0.15,0.1267924647021786,0.845283098014524,80,12.2264,0.005,8
498,10000,0.15,0.1378602750395026,0.9190685002633507,80,12.2264,0.001,8
499,10000,0.15,0.1322053250451779,0.8813688336345193,80,12.2264,0.0,8
500,10000,0.15,0.15151197873857586,1.0100798582571724,50,10.5934,1.0,8
501,10000,0.15,0.15412140146057676,1.0274760097371785,50,10.5934,0.75,8
502,10000,0.15,0.1426586077281733,0.9510573848544887,50,10.5934,0.5,8
503,10000,0.15,0.13835032384674015,0.9223354923116011,50,10.5934,0.25,8
504,10000,0.15,0.12634247027596238,0.8422831351730825,50,10.5934,0.1,8
505,10000,0.15,0.137557841135133,0.9170522742342201,50,10.5934,0.05,8
506,10000,0.15,0.13112879526443966,0.8741919684295978,50,10.5934,0.01,8
507,10000,0.15,0.1342318769332764,0.894879179555176,50,10.5934,0.005,8
508,10000,0.15,0.12727876731941137,0.8485251154627426,50,10.5934,0.001,8
509,10000,0.15,0.1373123257628347,0.9154155050855647,50,10.5934,0.0,8
510,10000,0.15,0.15602004566384417,1.0401336377589612,30,8.5356,1.0,8
511,10000,0.15,0.14366890808331537,0.9577927205554359,30,8.5356,0.75,8
512,10000,0.15,0.13995633088401077,0.9330422058934051,30,8.5356,0.5,8
513,10000,0.15,0.1354878425517415,0.9032522836782768,30,8.5356,0.25,8
514,10000,0.15,0.12893577920386232,0.8595718613590821,30,8.5356,0.1,8
515,10000,0.15,0.1258969121780968,0.8393127478539786,30,8.5356,0.05,8
516,10000,0.15,0.1188943390431066,0.7926289269540441,30,8.5356,0.01,8
517,10000,0.15,0.10937153224076314,0.7291435482717543,30,8.5356,0.005,8
518,10000,0.15,0.11008984699488034,0.7339323132992023,30,8.5356,0.001,8
519,10000,0.15,0.12708433009838085,0.8472288673225391,30,8.5356,0.0,8
520,10000,0.15,0.1602099198529324,1.0680661323528826,10,4.1404,1.0,8
521,10000,0.15,0.14806898285524075,0.9871265523682717,10,4.1404,0.75,8
522,10000,0.15,0.1342741589094648,0.8951610593964321,10,4.1404,0.5,8
523,10000,0.15,0.10594823478565862,0.7063215652377242,10,4.1404,0.25,8
524,10000,0.15,0.10243629204050024,0.682908613603335,10,4.1404,0.1,8
525,10000,0.15,0.10176432911634595,0.6784288607756397,10,4.1404,0.05,8
526,10000,0.15,0.10148536025276433,0.6765690683517622,10,4.1404,0.01,8
527,10000,0.15,0.09375139541297943,0.6250093027531962,10,4.1404,0.005,8
528,10000,0.15,0.09785123393981184,0.6523415595987456,10,4.1404,0.001,8
529,10000,0.15,0.09992782154162011,0.6661854769441341,10,4.1404,0.0,8
530,10000,0.15,0.1560990371530942,1.0406602476872948,5,2.1452,1.0,8
531,10000,0.15,0.1397893964093301,0.9319293093955341,5,2.1452,0.75,8
532,10000,0.15,0.11973883341623477,0.7982588894415652,5,2.1452,0.5,8
533,10000,0.15,0.10264345979390872,0.6842897319593915,5,2.1452,0.25,8
534,10000,0.15,0.085214260965464,0.5680950731030934,5,2.1452,0.1,8
535,10000,0.15,0.07008807810425964,0.46725385402839764,5,2.1452,0.05,8
536,10000,0.15,0.06988215563289649,0.46588103755264326,5,2.1452,0.01,8
537,10000,0.15,0.08598770223124497,0.5732513482082998,5,2.1452,0.005,8
538,10000,0.15,0.074512487235917,0.4967499149061133,5,2.1452,0.001,8
539,10000,0.15,0.10628690704878327,0.7085793803252218,5,2.1452,0.0,8
540,10000,0.15,0.16236742284668731,1.082449485644582,100,13.085,1.0,9
541,10000,0.15,0.158389214352401,1.0559280956826733,100,13.085,0.75,9
542,10000,0.15,0.15530567922677163,1.0353711948451443,100,13.085,0.5,9
543,10000,0.15,0.14471915195286006,0.9647943463524005,100,13.085,0.25,9
544,10000,0.15,0.16043624133957002,1.0695749422638001,100,13.085,0.1,9
545,10000,0.15,0.14122349700779674,0.9414899800519783,100,13.085,0.05,9
546,10000,0.15,0.1385331453766201,0.9235543025108006,100,13.085,0.01,9
547,10000,0.15,0.13082288241384263,0.8721525494256176,100,13.085,0.005,9
548,10000,0.15,0.13257889284474497,0.8838592856316332,100,13.085,0.001,9
549,10000,0.15,0.13979156253722708,0.9319437502481805,100,13.085,0.0,9
550,10000,0.15,0.15737383098579635,1.0491588732386423,80,12.2814,1.0,9
551,10000,0.15,0.15058040431045328,1.0038693620696886,80,12.2814,0.75,9
552,10000,0.15,0.14987201630988095,0.9991467753992064,80,12.2814,0.5,9
553,10000,0.15,0.1436952819036159,0.9579685460241061,80,12.2814,0.25,9
554,10000,0.15,0.14194719930724525,0.9463146620483017,80,12.2814,0.1,9
555,10000,0.15,0.1384444010678407,0.9229626737856047,80,12.2814,0.05,9
556,10000,0.15,0.12559138400130654,0.8372758933420437,80,12.2814,0.01,9
557,10000,0.15,0.13623037158141424,0.9082024772094283,80,12.2814,0.005,9
558,10000,0.15,0.12843814897070654,0.856254326471377,80,12.2814,0.001,9
559,10000,0.15,0.14166436443622551,0.9444290962415035,80,12.2814,0.0,9
560,10000,0.15,0.1614003538280091,1.076002358853394,50,10.4536,1.0,9
561,10000,0.15,0.1453195845614005,0.9687972304093367,50,10.4536,0.75,9
562,10000,0.15,0.13679189001764053,0.9119459334509369,50,10.4536,0.5,9
563,10000,0.15,0.14640139277255496,0.9760092851503664,50,10.4536,0.25,9
564,10000,0.15,0.13657730762165576,0.9105153841443718,50,10.4536,0.1,9
565,10000,0.15,0.13920567894894062,0.9280378596596042,50,10.4536,0.05,9
566,10000,0.15,0.13197793481254658,0.8798528987503106,50,10.4536,0.01,9
567,10000,0.15,0.13867818066769236,0.9245212044512824,50,10.4536,0.005,9
568,10000,0.15,0.12803395011350366,0.8535596674233578,50,10.4536,0.001,9
569,10000,0.15,0.13137562096456773,0.8758374730971182,50,10.4536,0.0,9
570,10000,0.15,0.1654809444370277,1.1032062962468514,30,8.463,1.0,9
571,10000,0.15,0.1497402181127225,0.9982681207514834,30,8.463,0.75,9
572,10000,0.15,0.14042968471287648,0.9361978980858432,30,8.463,0.5,9
573,10000,0.15,0.12111880041767181,0.8074586694511454,30,8.463,0.25,9
574,10000,0.15,0.13347164438624198,0.8898109625749466,30,8.463,0.1,9
575,10000,0.15,0.11227348548576219,0.7484899032384146,30,8.463,0.05,9
576,10000,0.15,0.1283978206027938,0.8559854706852921,30,8.463,0.01,9
577,10000,0.15,0.11440781779004473,0.7627187852669649,30,8.463,0.005,9
578,10000,0.15,0.12599827104248798,0.8399884736165866,30,8.463,0.001,9
579,10000,0.15,0.12208466536271621,0.8138977690847747,30,8.463,0.0,9
580,10000,0.15,0.15959268417987257,1.0639512278658172,10,4.2042,1.0,9
581,10000,0.15,0.14508484495414214,0.967232299694281,10,4.2042,0.75,9
582,10000,0.15,0.13918672492752232,0.9279114995168155,10,4.2042,0.5,9
583,10000,0.15,0.11036697671210789,0.735779844747386,10,4.2042,0.25,9
584,10000,0.15,0.10197635799876766,0.6798423866584511,10,4.2042,0.1,9
585,10000,0.15,0.10804384595800735,0.7202923063867157,10,4.2042,0.05,9
586,10000,0.15,0.11112206687111449,0.7408137791407633,10,4.2042,0.01,9
587,10000,0.15,0.09542870693393517,0.6361913795595678,10,4.2042,0.005,9
588,10000,0.15,0.09492340377467948,0.6328226918311965,10,4.2042,0.001,9
589,10000,0.15,0.0936924130285219,0.6246160868568127,10,4.2042,0.0,9
590,10000,0.15,0.147262805845353,0.9817520389690201,5,2.1492,1.0,9
591,10000,0.15,0.1415551748356756,0.9437011655711707,5,2.1492,0.75,9
592,10000,0.15,0.1290633226950494,0.8604221513003293,5,2.1492,0.5,9
593,10000,0.15,0.08900635621030052,0.5933757080686701,5,2.1492,0.25,9
594,10000,0.15,0.08292212900935804,0.5528141933957202,5,2.1492,0.1,9
595,10000,0.15,0.11851643796005536,0.7901095864003691,5,2.1492,0.05,9
596,10000,0.15,0.10602957210647211,0.7068638140431475,5,2.1492,0.01,9
597,10000,0.15,0.09748647133104761,0.6499098088736508,5,2.1492,0.005,9
598,10000,0.15,0.09806813782235982,0.6537875854823988,5,2.1492,0.001,9
599,10000,0.15,0.07902076482892377,0.5268050988594918,5,2.1492,0.0,9
